k,Up_est,Up_low,Up_up,Up_true,SOC_est,SOC_low,SOC_up,SOC_true,Vol,y_est,y_low,y_up,y_true
1,0.0117556,-0.0183346,0.0418458,0.00872339,0.507565,0.484051,0.531078,0.800168,7.60467,7.06637,6.86757,7.26518,7.60467
2,-0.239985,-0.323409,-0.15656,0.00860796,0.430727,0.38982,0.471634,0.800218,7.60464,5.94234,5.53039,6.35429,7.60464
3,-0.79025,-1.05856,-0.521936,0.00877768,0.354303,0.28675,0.421856,0.800039,7.60282,5.92231,5.28243,6.56219,7.60282
4,-1.75975,-2.44718,-1.07233,0.00864797,0.252642,0.140387,0.364898,0.800152,7.60379,6.28807,5.31224,7.2639,7.60379
5,-3.51507,-5.15519,-1.87496,0.00874894,0.0915542,-0.108384,0.291493,0.800174,7.60388,7.1416,5.45791,8.82528,7.60388
6,-7.06088,-10.8192,-3.30253,0.00869772,-0.208598,-0.587657,0.170461,0.800117,7.60374,8.99397,6.03768,11.9503,7.60374
k,Up_est,Up_low,Up_up,Up_true,SOC_est,SOC_low,SOC_up,SOC_true,Vol,y_est,y_low,y_up,y_true
1,0.0117559,-0.0183343,0.0418461,0.0086404,0.507753,0.484239,0.531266,0.80015,7.6039,7.06639,6.86758,7.26519,7.6039
2,-0.239889,-0.323299,-0.156479,0.00862614,0.430928,0.390021,0.471834,0.800125,7.6031,5.94311,5.53117,6.35506,7.6031
3,-0.791022,-1.05927,-0.522775,0.00874047,0.354375,0.286827,0.421923,0.800061,7.60266,5.92277,5.2829,6.56264,7.60266
4,-1.76349,-2.45084,-1.07615,0.00864238,0.252406,0.140157,0.364656,0.800231,7.60467,6.28892,5.31313,7.26471,7.60467
k,Up_est,Up_low,Up_up,Up_true,SOC_est,SOC_low,SOC_up,SOC_true,Vol,y_est,y_low,y_up,y_true
1,0.0117567,-0.0183335,0.0418469,0.0087436,0.507752,0.484238,0.531266,0.800111,7.60394,7.06639,6.86759,7.26519,7.60394
2,-0.239112,-0.322522,-0.155702,0.00859248,0.431165,0.390258,0.472071,0.800104,7.60388,5.94314,5.53119,6.35509,7.60388
3,-0.790317,-1.05849,-0.522147,0.00869622,0.35459,0.287047,0.422133,0.800185,7.60418,5.92268,5.28282,6.56253,7.60418
4,-1.76284,-2.44997,-1.07572,0.00865148,0.252608,0.140374,0.364842,0.800059,7.60183,6.28858,5.31286,7.2643,7.60183
5,-3.52031,-5.16024,-1.88037,0.0087364,0.0913278,-0.108595,0.29125,0.800045,7.60225,7.1446,5.4612,8.828,7.60225
6,-7.07214,-10.8311,-3.31318,0.00865198,-0.209315,-0.588412,0.169782,0.800045,7.60245,8.99947,6.04326,11.9557,7.60245
7,-15.3038,-23.9804,-6.62714,0.00874351,-0.864564,-1.63498,-0.0941458,0.800105,7.60265,13.489,7.84313,19.135,7.60265
k,Up_est,Up_low,Up_up,Up_true,SOC_est,SOC_low,SOC_up,SOC_true,Vol,y_est,y_low,y_up,y_true
1,0.0117551,-0.0183351,0.0418453,0.00867323,0.508192,0.484678,0.531706,0.800221,7.60371,7.0664,6.8676,7.2652,7.60371
2,-0.23984,-0.323217,-0.156464,0.00873982,0.431345,0.390441,0.472249,0.800208,7.60427,5.94491,5.53297,6.35685,7.60427
3,-0.791303,-1.05941,-0.523194,0.00875224,0.354726,0.287187,0.422264,0.800077,7.60278,5.92389,5.28405,6.56372,7.60278
4,-1.76379,-2.45081,-1.07678,0.00871626,0.25274,0.140515,0.364966,0.800159,7.60279,6.28975,5.31408,7.26542,7.60279
5,-3.52218,-5.1618,-1.88255,0.00867307,0.0913696,-0.10853,0.291269,0.800133,7.60425,7.14553,5.46232,8.82873,7.60425
6,-7.0732,-10.8317,-3.3147,0.00859488,-0.209215,-0.588277,0.169848,0.800103,7.60233,9.00121,6.04535,11.9571,7.60233
7,-15.3059,-23.9813,-6.63061,0.0086689,-0.864566,-1.63489,-0.0942405,0.800069,7.60305,13.4896,7.84448,19.1347,7.60305
8,-30.9584,-52.2202,-9.6965,0.00862892,-2.0576,-3.77958,-0.335625,0.800047,7.60205,25.5961,8.39996,42.7923,7.60205
9,-43.2176,-90.9468,4.51157,0.00863381,-2.98665,-6.61119,0.637887,0.800097,7.60224,43.9051,-37.7354,125.546,7.60224
10,-48.3927,-143.334,46.5488,0.00863595,-3.41221,-10.1881,3.36369,0.800121,7.60413,41.7575,-237.635,321.15,7.60413
11,-49.888,-211.788,112.012,0.00860331,-3.59965,-14.6428,7.44353,0.800155,7.6031,32.1616,-608.122,672.445,7.6031
12,-49.8695,-294.326,194.587,0.0087097,-3.69501,-19.9315,12.5415,0.800066,7.60173,25.1386,-1123.61,1173.89,7.60173
13,-49.1767,-388.878,290.525,0.00877496,-3.74986,-26.0204,18.5206,0.800059,7.60162,20.2896,-1765.46,1806.04,7.60162
14,-48.1503,-492.772,396.471,0.00876976,-3.78392,-32.8428,25.2749,0.800191,7.60441,16.675,-2496.53,2529.88,7.60441
15,-46.9477,-605.677,511.781,0.00874194,-3.80594,-40.4701,32.8582,0.8002,7.60474,13.7912,-3343.67,3371.25,7.60474
16,-45.6506,-726.925,635.623,0.00867716,-3.82031,-48.9618,41.3211,0.800185,7.60312,11.3799,-4295.75,4318.51,7.60312
17,-44.3057,-855.277,766.666,0.00871648,-3.82946,-58.3504,50.6915,0.800045,7.60138,9.30016,-5329.16,5347.76,7.60138
18,-42.9411,-990.697,904.815,0.00867831,-3.83486,-68.7489,61.0792,0.800097,7.60368,7.46886,-6481.37,6496.31,7.60368
19,-41.5754,-1133.18,1050.03,0.00871891,-3.83742,-80.2852,72.6103,0.800053,7.60264,5.83477,-7763.46,7775.13,7.60264
20,-40.2206,-1282.57,1202.13,0.00864547,-3.83778,-93.0902,85.4146,0.800063,7.6017,4.36384,-9179.51,9188.24,7.6017
21,-38.885,-1438.8,1361.03,0.0086394,-3.83635,-107.316,99.643,0.800088,7.60316,3.03263,-10746.9,10753,7.60316
22,-37.5744,-1601.81,1526.66,0.00867901,-3.83344,-123.13,115.463,0.800187,7.60317,1.82434,-12481.4,12485.1,7.60317
23,-36.2928,-1771.47,1698.88,0.00872592,-3.82929,-140.711,133.052,0.80019,7.60482,0.726358,-14394.9,14396.4,7.60482
24,-35.0432,-1950.32,1880.23,0.00864667,-3.82408,-160.478,152.83,0.800089,7.60239,-0.271474,-16694.2,16693.7,7.60239
25,-33.8274,-2135.62,2067.96,0.00870787,-3.81796,-182.446,174.81,0.800204,7.60487,-1.17779,-19048.7,19046.4,7.60487
26,-32.6467,-2330.25,2264.95,0.0087874,-3.81104,-207.133,199.511,0.80004,7.60157,-1.99993,-21892.1,21888.1,7.60157
27,-31.5018,-2531.16,2468.16,0.00860028,-3.80343,-234.549,226.942,0.800111,7.60308,-2.744,-24787.7,24782.2,7.60308
28,-30.393,-2739.04,2678.25,0.00859453,-3.79521,-265.062,257.471,0.800088,7.60195,-3.41605,-28052.1,28045.3,7.60195
29,-29.3203,-2953.25,2894.61,0.00875689,-3.78645,-298.936,291.363,0.800076,7.60276,-4.02111,-31598.3,31590.3,7.60276
30,-28.2834,-3177.42,3120.85,0.00859561,-3.77723,-336.954,329.4,0.800077,7.60243,-4.56388,-35918,35908.9,7.60243
31,-27.2818,-3405.74,3351.18,0.0087484,-3.76761,-378.842,371.307,0.800138,7.60275,-5.04937,-40018.5,40008.4,7.60275
32,-26.315,-3642.96,3590.33,0.00874406,-3.75763,-425.612,418.097,0.800059,7.60243,-5.48159,-45126.3,45115.3,7.60243
33,-25.3821,-3886.55,3835.79,0.00869142,-3.74734,-477.422,469.928,0.800039,7.60231,-5.8644,-50429.7,50417.9,7.60231
34,-24.4825,-4137.14,4088.17,0.00869028,-3.73679,-534.868,527.394,0.800124,7.60403,-6.20173,-56354.3,56341.9,7.60403
35,-23.6151,-4397.4,4350.17,0.00877313,-3.72601,-598.945,591.493,0.800052,7.60211,-6.49698,-63302.7,63289.7,7.60211
36,-22.7791,-4667.09,4621.53,0.0085894,-3.71504,-670.294,662.864,0.800093,7.60229,-6.75345,-70931.3,70917.8,7.60229
37,-21.9734,-4943.54,4899.6,0.00872021,-3.70392,-749.161,741.753,0.800138,7.60301,-6.97401,-78854.3,78840.3,7.60301
k,Up_est,Up_low,Up_up,Up_true,SOC_est,SOC_low,SOC_up,SOC_true,Vol,y_est,y_low,y_up,y_true
1,0.0117546,-0.0183356,0.0418448,0.00864545,0.508067,0.484553,0.531581,0.800118,7.60412,7.06639,6.86759,7.26519,7.60412
2,-0.239559,-0.322945,-0.156173,0.00861554,0.431317,0.390412,0.472221,0.800156,7.6031,5.94441,5.53247,6.35636,7.6031
3,-0.790638,-1.05876,-0.522518,0.00860661,0.354751,0.287212,0.422291,0.800143,7.60257,5.92354,5.2837,6.56338,7.60257
4,-1.76238,-2.44937,-1.07539,0.00862653,0.252843,0.140618,0.365067,0.800205,7.6034,6.28916,5.31349,7.26483,7.6034
5,-3.51972,-5.15914,-1.8803,0.00878343,0.0915614,-0.108324,0.291447,0.800075,7.60245,7.14418,5.461,8.82735,7.60245
6,-7.06802,-10.8256,-3.31043,0.00862852,-0.208806,-0.587804,0.170192,0.800111,7.60303,8.99847,6.04295,11.954,7.60303
7,-15.2898,-23.9617,-6.61784,0.00865555,-0.863331,-1.63342,-0.093243,0.800107,7.60296,13.4826,7.83942,19.1258,7.60296
8,-30.9304,-52.1828,-9.67801,0.00864137,-2.05555,-3.7769,-0.334192,0.800153,7.6037,25.5721,8.395,42.7492,7.6037
9,-43.2018,-90.9131,4.50946,0.00864733,-2.9855,-6.60904,0.638044,0.800179,7.60412,43.8879,-37.6261,125.402,7.60412
10,-48.3855,-143.312,46.5413,0.00871507,-3.41164,-10.1872,3.36391,0.800208,7.60506,41.7738,-237.39,320.938,7.60506
k,Up_est,Up_low,Up_up,Up_true,SOC_est,SOC_low,SOC_up,SOC_true,Vol,y_est,y_low,y_up,y_true
1,0.0117567,-0.0183335,0.0418469,0.0086575,0.507752,0.484238,0.531266,0.800061,7.60158,7.06639,6.86759,7.26519,7.60158
2,-0.239888,-0.323298,-0.156478,0.00873444,0.430927,0.390021,0.471834,0.800234,7.60483,5.94311,5.53117,6.35506,7.60483
3,-0.790728,-1.05898,-0.522481,0.00858815,0.354415,0.286867,0.421963,0.800049,7.6034,5.92276,5.28289,6.56263,7.6034
4,-1.76261,-2.44992,-1.0753,0.00873306,0.252506,0.140259,0.364753,0.800196,7.6031,6.2887,5.31291,7.26448,7.6031
5,-3.51886,-5.15913,-1.87859,0.00865195,0.091338,-0.10861,0.291286,0.800225,7.60423,7.14436,5.46076,8.82796,7.60423
6,-7.06563,-10.8249,-3.30634,0.00868538,-0.208888,-0.588012,0.170235,0.800112,7.6037,8.99807,6.04153,11.9546,7.6037
7,-15.2866,-23.9614,-6.61185,0.00875919,-0.86333,-1.63363,-0.0930341,0.800137,7.60286,13.4807,7.83555,19.1258,7.60286
8,-30.9324,-52.1914,-9.6735,0.00867956,-2.05589,-3.7777,-0.334071,0.800139,7.60307,25.569,8.38674,42.7513,7.60307
9,-43.2022,-90.929,4.52465,0.00860414,-2.98569,-6.61026,0.638884,0.800045,7.60296,43.8882,-37.6641,125.441,7.60296
10,-48.3839,-143.338,46.5707,0.00868215,-3.41169,-10.189,3.3656,0.800191,7.60446,41.7689,-237.501,321.038,7.60446
11,-49.8827,-211.832,112.067,0.00861421,-3.59935,-14.6466,7.44787,0.8002,7.60321,32.1747,-608.086,672.435,7.60321
12,-49.8661,-294.428,194.696,0.00873903,-3.69481,-19.9391,12.5495,0.80018,7.60406,25.1482,-1123.85,1174.15,7.60406
13,-49.1744,-389.055,290.706,0.0086022,-3.74972,-26.0329,18.5334,0.800111,7.60279,20.2966,-1766.15,1806.74,7.60279
14,-48.1485,-493.035,396.738,0.00867688,-3.78381,-32.8609,25.2933,0.800199,7.6033,16.6801,-2497.8,2531.16,7.6033
15,-46.9462,-606.036,512.144,0.00870884,-3.80584,-40.4947,32.883,0.800213,7.60397,13.7956,-3345.62,3373.22,7.60397
k,Up_est,Up_low,Up_up,Up_true,SOC_est,SOC_low,SOC_up,SOC_true,Vol,y_est,y_low,y_up,y_true
1,0.0117577,-0.0183325,0.0418479,0.00877424,0.507752,0.484238,0.531265,0.800069,7.60271,7.0664,6.8676,7.2652,7.60271
2,-0.239499,-0.322909,-0.156089,0.00869175,0.431046,0.39014,0.471952,0.800083,7.60344,5.94311,5.53117,6.35506,7.60344
3,-0.790522,-1.05873,-0.522313,0.00866878,0.354502,0.286957,0.422048,0.800196,7.60345,5.92272,5.28286,6.56258,7.60345
4,-1.76273,-2.44995,-1.07551,0.00878504,0.252557,0.140316,0.364797,0.800087,7.60271,6.28864,5.31289,7.26439,7.60271
5,-3.52016,-5.16027,-1.88006,0.00868436,0.091281,-0.108654,0.291216,0.800102,7.60359,7.14448,5.46097,8.82798,7.60359
6,-7.07276,-10.8321,-3.31345,0.00861636,-0.209422,-0.588545,0.169702,0.800126,7.60324,8.99943,6.043,11.9559,7.60324
7,-15.3057,-23.9835,-6.62788,0.00869081,-0.864761,-1.63526,-0.0942586,0.800059,7.60168,13.4902,7.84354,19.1368,7.60168
8,-30.9592,-52.2266,-9.69188,0.00860781,-2.05784,-3.7802,-0.335489,0.800239,7.60444,25.5972,8.39484,42.7996,7.60444
9,-43.2174,-90.9583,4.52352,0.00864388,-2.98678,-6.61206,0.638506,0.800091,7.60263,43.9048,-37.765,125.575,7.60263
10,-48.3905,-143.353,46.5717,0.00862001,-3.41219,-10.1893,3.36493,0.800101,7.60246,41.7538,-237.713,321.221,7.60246
11,-49.8856,-211.814,112.043,0.00878538,-3.59961,-14.6444,7.44519,0.800053,7.6028,32.1603,-608.234,672.555,7.6028
12,-49.8671,-294.361,194.626,0.00861355,-3.69496,-19.9335,12.5436,0.800104,7.60309,25.1383,-1123.76,1174.04,7.60309
13,-49.1743,-388.923,290.575,0.00864446,-3.7498,-26.0229,18.5233,0.800086,7.60268,20.2898,-1765.65,1806.23,7.60268
14,-48.1482,-492.828,396.532,0.0087752,-3.78388,-32.8459,25.2782,0.800129,7.60303,16.6755,-2496.78,2530.13,7.60303
15,-46.9456,-605.747,511.856,0.00873535,-3.80589,-40.474,32.8622,0.800174,7.60363,13.7915,-3343.99,3371.57,7.60363
k,Up_est,Up_low,Up_up,Up_true,SOC_est,SOC_low,SOC_up,SOC_true,Vol,y_est,y_low,y_up,y_true
1,0.0117564,-0.0183338,0.0418466,0.0086291,0.507878,0.484364,0.531391,0.800111,7.6029,7.06639,6.86759,7.2652,7.6029
2,-0.24004,-0.323441,-0.15664,0.00866592,0.430996,0.39009,0.471901,0.800117,7.60287,5.94362,5.53168,6.35557,7.60287
3,-0.791232,-1.05946,-0.523007,0.00873603,0.354431,0.286884,0.421978,0.800193,7.60345,5.92311,5.28325,6.56297,7.60345
4,-1.76378,-2.45107,-1.07649,0.00859086,0.252452,0.140206,0.364698,0.800065,7.60175,6.28922,5.31345,7.26499,7.60175
5,-3.51971,-5.16007,-1.87935,0.00868931,0.0913131,-0.10864,0.291266,0.800183,7.60317,7.14551,5.46192,8.82909,7.60317
6,-7.0745,-10.834,-3.31504,0.00865086,-0.209572,-0.588708,0.169564,0.800089,7.60225,8.99892,6.04231,11.9555,7.60225
7,-15.3094,-23.9884,-6.63035,0.00872095,-0.865052,-1.63564,-0.0944628,0.800114,7.60388,13.4926,7.84524,19.1399,7.60388
8,-30.9644,-52.2347,-9.69406,0.00876321,-2.05823,-3.78078,-0.335673,0.800106,7.60273,25.6028,8.39526,42.8103,7.60273
9,-43.2207,-90.9673,4.52599,0.00864325,-2.98701,-6.61264,0.638614,0.800088,7.60247,43.908,-37.7896,125.606,7.60247
10,-48.3922,-143.362,46.5776,0.00877732,-3.41232,-10.1898,3.36516,0.800162,7.60392,41.7506,-237.773,321.274,7.60392
11,-49.8862,-211.821,112.049,0.00859545,-3.59966,-14.6446,7.4453,0.800171,7.60349,32.1567,-608.308,672.622,7.60349
12,-49.8674,-294.362,194.628,0.00868836,-3.695,-19.9333,12.5433,0.800182,7.60305,25.136,-1123.81,1174.08,7.60305
13,-49.1748,-388.918,290.568,0.00866726,-3.74985,-26.0222,18.5225,0.800185,7.60307,20.2881,-1765.66,1806.24,7.60307
14,-48.1483,-492.817,396.52,0.00864362,-3.7839,-32.8447,25.2769,0.80014,7.60313,16.6733,-2496.75,2530.1,7.60313
15,-46.9456,-605.725,511.834,0.00866653,-3.80591,-40.472,32.8602,0.800106,7.60276,13.7903,-3343.87,3371.45,7.60276
k,Up_est,Up_low,Up_up,Up_true,SOC_est,SOC_low,SOC_up,SOC_true,Vol,y_est,y_low,y_up,y_true
1,0.0117571,-0.0183331,0.0418473,0.00868349,0.507438,0.483925,0.530952,0.800182,7.60406,7.06638,6.86758,7.26518,7.60406
2,-0.239831,-0.323265,-0.156397,0.00876568,0.430658,0.38975,0.471566,0.800081,7.60179,5.94183,5.52988,6.35378,7.60179
3,-0.790911,-1.05925,-0.522574,0.00863517,0.354126,0.286572,0.42168,0.800235,7.60512,5.92196,5.28207,6.56185,7.60512
4,-1.7621,-2.44967,-1.07453,0.00878419,0.252299,0.140034,0.364565,0.800184,7.60343,6.28842,5.31255,7.2643,7.60343
5,-3.51948,-5.16032,-1.87864,0.00870193,0.0910415,-0.108948,0.291031,0.800178,7.60424,7.14385,5.45993,8.82777,7.60424
6,-7.07161,-10.8326,-3.31065,0.00876787,-0.209605,-0.588851,0.169641,0.800084,7.60316,8.99924,6.04185,11.9566,7.60316
7,-15.3031,-23.9843,-6.62194,0.0086338,-0.864808,-1.63556,-0.0940599,0.800117,7.60367,13.4899,7.84107,19.1388,7.60367
8,-30.955,-52.2298,-9.68026,0.00870084,-2.05772,-3.78059,-0.334848,0.800068,7.60342,25.5951,8.38623,42.8039,7.60342
9,-43.2135,-90.9707,4.54373,0.00867856,-2.98663,-6.61301,0.639743,0.800231,7.6036,43.9013,-37.7879,125.591,7.6036
10,-48.387,-143.382,46.6079,0.00872715,-3.41205,-10.1913,3.36717,0.80016,7.60378,41.754,-237.778,321.286,7.60378
11,-49.882,-211.867,112.103,0.00873558,-3.59945,-14.6478,7.44886,0.800206,7.60408,32.1627,-608.389,672.715,7.60408
12,-49.8641,-294.442,194.714,0.00875116,-3.69484,-19.9386,12.5489,0.800121,7.60391,25.1423,-1124.04,1174.33,7.60391
13,-49.1718,-389.042,290.698,0.00862,-3.7497,-26.0302,18.5308,0.800131,7.60238,20.2935,-1766.13,1806.72,7.60238
14,-48.1458,-492.99,396.698,0.0087414,-3.78378,-32.8557,25.2882,0.800214,7.6033,16.6789,-2497.5,2530.86,7.6033
15,-46.9434,-605.956,512.069,0.0087077,-3.8058,-40.4866,32.875,0.800048,7.60245,13.7949,-3344.99,3372.58,7.60245
16,-45.6465,-727.27,635.977,0.00876644,-3.82017,-48.9824,41.342,0.800231,7.60447,11.384,-4297.47,4320.24,7.60447
k,Up_est,Up_low,Up_up,Up_true,SOC_est,SOC_low,SOC_up,SOC_true,Vol,y_est,y_low,y_up,y_true
1,0.0117558,-0.0183344,0.041846,0.00869362,0.507777,0.484264,0.531291,0.800096,7.6023,7.06674,6.86794,7.26554,7.6023
2,-0.239351,-0.322749,-0.155954,0.0087345,0.43115,0.390245,0.472055,0.800193,7.60427,5.94341,5.53147,6.35536,7.60427
3,-0.790028,-1.05817,-0.521882,0.00875698,0.35469,0.287149,0.422231,0.800174,7.60405,5.923,5.28315,6.56285,7.60405
4,-1.76231,-2.4493,-1.07533,0.00867229,0.252772,0.140548,0.364996,0.80012,7.60263,6.28854,5.31286,7.26423,7.60263
5,-3.52018,-5.15961,-1.88075,0.0085922,0.0914916,-0.108394,0.291377,0.800196,7.60447,7.14411,5.4609,8.82732,7.60447
6,-7.06883,-10.8265,-3.3112,0.00864055,-0.208858,-0.587858,0.170142,0.800088,7.6034,8.99895,6.04339,11.9545,7.6034
7,-15.293,-23.965,-6.62103,0.00860039,-0.863522,-1.63361,-0.0934336,0.800233,7.60443,13.4834,7.84018,19.1266,7.60443
8,-30.9441,-52.1971,-9.69101,0.00875212,-2.05645,-3.77784,-0.335065,0.800225,7.60384,25.5762,8.39745,42.7549,7.60384
9,-43.2111,-90.9246,4.50248,0.00868432,-2.98605,-6.60967,0.637577,0.800258,7.60546,43.897,-37.6587,125.453,7.60546
10,-48.3905,-143.314,46.5326,0.00867672,-3.41188,-10.187,3.36326,0.800282,7.6043,41.7689,-237.469,321.006,7.6043
11,-49.8887,-211.775,111.998,0.00869771,-3.59946,-14.6426,7.44364,0.800274,7.60575,32.1752,-607.925,672.276,7.60575
12,-49.8712,-294.327,194.584,0.00878682,-3.69485,-19.9324,12.5427,0.800221,7.60505,25.1507,-1123.46,1173.77,7.60505
13,-49.1796,-388.897,290.537,0.00859799,-3.74973,-26.0228,18.5234,0.800197,7.60333,20.3022,-1765.41,1806.01,7.60333
14,-48.1538,-492.811,396.504,0.00870147,-3.78379,-32.847,25.2794,0.800276,7.60412,16.6875,-2496.63,2530,7.60412
15,-46.9516,-605.737,511.834,0.00870814,-3.80579,-40.4762,32.8646,0.800252,7.60412,13.8047,-3343.92,3371.53,7.60412
16,-45.655,-727.004,635.694,0.00872626,-3.82015,-48.9698,41.3295,0.800137,7.60284,11.3949,-4296.13,4318.92,7.60284
17,-44.3104,-855.374,766.754,0.00877785,-3.82929,-58.3604,50.7019,0.800098,7.60383,9.31609,-5329.68,5348.31,7.60383
18,-42.9462,-990.809,904.917,0.00865148,-3.83467,-68.7609,61.0915,0.800129,7.60423,7.48603,-6482.01,6496.98,7.60423
19,-41.5808,-1133.31,1050.15,0.00874726,-3.83723,-80.2992,72.6247,0.800089,7.60313,5.85307,-7764.2,7775.91,7.60313
20,-40.2261,-1282.7,1202.25,0.00869342,-3.83755,-93.1061,85.431,0.800282,7.6052,4.38331,-9180.33,9189.09,7.6052
21,-38.8907,-1438.93,1361.15,0.00878393,-3.83611,-107.333,99.6612,0.800256,7.60379,3.05379,-10747.7,10753.8,7.60379
22,-37.5803,-1601.94,1526.77,0.00875167,-3.83318,-123.149,115.483,0.800092,7.60238,1.84687,-12482.1,12485.8,7.60238
23,-36.2989,-1771.58,1698.98,0.00874349,-3.82901,-140.731,133.073,0.800096,7.60318,0.750142,-14395.6,14397.1,7.60318
24,-35.0495,-1950.42,1880.32,0.00863032,-3.82379,-160.499,152.851,0.800137,7.60267,-0.24672,-16694.7,16694.2,7.60267
25,-33.8338,-2135.7,2068.03,0.00860808,-3.81765,-182.468,174.833,0.800204,7.60386,-1.15221,-19048.9,19046.6,7.60386
26,-32.6533,-2330.3,2264.99,0.00873344,-3.81071,-207.155,199.533,0.800239,7.60545,-1.97315,-21891.9,21887.9,7.60545
27,-31.5085,-2531.18,2468.16,0.00867543,-3.80309,-234.57,226.964,0.800125,7.60257,-2.71644,-24786.9,24781.5,7.60257
28,-30.3997,-2739.02,2678.22,0.00869261,-3.79485,-265.081,257.492,0.800104,7.60237,-3.38755,-28050.6,28043.8,7.60237
29,-29.3271,-2953.18,2894.52,0.0087194,-3.78608,-298.953,291.381,0.80012,7.60238,-3.99169,-31595.9,31587.9,7.60238
30,-28.2902,-3177.29,3120.71,0.00864086,-3.77685,-336.968,329.414,0.800103,7.60233,-4.53394,-35914.5,35905.5,7.60233
31,-27.2887,-3405.55,3350.98,0.00875341,-3.76721,-378.851,371.317,0.800172,7.60427,-5.01858,-40013.7,40003.6,7.60427
32,-26.3219,-3642.69,3590.05,0.0087504,-3.75721,-425.615,418.1,0.800106,7.60261,-5.45015,-45119.7,45108.8,7.60261
33,-25.389,-3886.21,3835.43,0.00878918,-3.74691,-477.416,469.922,0.800204,7.60456,-5.83227,-50421.1,50409.4,7.60456
34,-24.4894,-4136.7,4087.73,0.00876539,-3.73634,-534.85,527.377,0.800111,7.6034,-6.16893,-56343.2,56330.9,7.6034
35,-23.622,-4396.87,4349.62,0.00865853,-3.72555,-598.913,591.462,0.800149,7.60265,-6.46354,-63288.6,63275.7,7.60265
36,-22.7859,-4666.45,4620.88,0.00873927,-3.71457,-670.244,662.814,0.800131,7.60359,-6.71962,-70913.7,70900.3,7.60359
37,-21.9803,-4942.79,4898.82,0.00865643,-3.70344,-749.09,741.683,0.800241,7.60534,-6.93991,-78832.8,78818.9,7.60534
38,-21.204,-5225.88,5183.47,0.00859395,-3.69216,-836.172,828.787,0.800203,7.60344,-7.12728,-87517.1,87502.8,7.60344
39,-20.4561,-5515.74,5474.82,0.00865795,-3.68079,-932.273,924.911,0.800086,7.60194,-7.28422,-97034.4,97019.8,7.60194
40,-19.7357,-5812.38,5772.91,0.00871117,-3.66934,-1038.25,1030.91,0.800232,7.60535,-7.41368,-107459,107444,7.60535
41,-19.0418,-6115.85,6077.76,0.00869375,-3.65783,-1155.02,1147.7,0.800169,7.60463,-7.5177,-118870,118855,7.60463
42,-18.3733,-6426.16,6389.42,0.0086348,-3.64627,-1283.6,1276.31,0.800233,7.60437,-7.59834,-131354,131339,7.60437
43,-17.7295,-6743.39,6707.93,0.0086197,-3.6347,-1425.08,1417.81,0.800249,7.60535,-7.65755,-145004,144989,7.60535
44,-17.1093,-7067.56,7033.35,0.00876592,-3.62313,-1580.65,1573.4,0.800093,7.60267,-7.69734,-159922,159906,7.60267
45,-16.5119,-7398.76,7365.73,0.00872631,-3.61156,-1751.61,1744.38,0.800106,7.6033,-7.71929,-176216,176201,7.6033
46,-15.9364,-7737.03,7705.16,0.00870168,-3.60002,-1939.35,1932.15,0.800229,7.60376,-7.72499,-194006,193991,7.60376
47,-15.382,-8082.46,8051.7,0.00871651,-3.58851,-2145.4,2138.22,0.800266,7.60483,-7.71589,-213419,213404,7.60483
48,-14.8479,-8435.11,8405.41,0.00867288,-3.57705,-2371.42,2364.26,0.800129,7.60398,-7.69334,-234594,234578,7.60398
49,-14.3333,-8795.05,8766.38,0.00869523,-3.56565,-2619.19,2612.06,0.800113,7.60231,-7.6585,-257679,257664,7.60231
50,-13.8374,-9162.36,9134.69,0.00870179,-3.55431,-2890.66,2883.55,0.80017,7.60423,-7.61258,-282838,282822,7.60423
51,-13.3596,-9537.12,9510.4,0.00860203,-3.54304,-3187.94,3180.86,0.80023,7.60372,-7.55655,-310243,310228,7.60372
k,Up_est,Up_low,Up_up,Up_true,SOC_est,SOC_low,SOC_up,SOC_true,Vol,y_est,y_low,y_up,y_true
1,0.011757,-0.0183332,0.0418472,0.00861396,0.507902,0.484388,0.531416,0.800246,7.60422,7.06675,6.86795,7.26556,7.60422
k,Up_est,Up_low,Up_up,Up_true,SOC_est,SOC_low,SOC_up,SOC_true,Vol,y_est,y_low,y_up,y_true
1,0.0116803,-0.0184099,0.0417705,0.0089815,0.572655,0.549142,0.596169,0.800104,7.58011,7.06911,6.87031,7.26791,7.58011
2,-0.138975,-0.21997,-0.0579801,0.00895479,0.52509,0.484352,0.565828,0.800196,7.58136,6.24851,5.83705,6.65997,7.58136
3,-0.433846,-0.681543,-0.186149,0.00902043,0.481953,0.415835,0.548072,0.800101,7.58092,6.16518,5.52941,6.80095,7.58092
4,-0.895291,-1.50186,-0.288719,0.0090628,0.430961,0.324453,0.537469,0.800074,7.5794,6.27719,5.32467,7.22971,7.5794
5,-1.59941,-2.94673,-0.252089,0.00896317,0.362326,0.183538,0.541114,0.800158,7.58095,6.55958,4.98538,8.13377,7.58095
k,Up_est,Up_low,Up_up,Up_true,SOC_est,SOC_low,SOC_up,SOC_true,Vol,y_est,y_low,y_up,y_true
1,0.0119605,-0.0181297,0.0420507,0.00865433,0.473345,0.449831,0.496859,0.800127,7.6024,7.06675,6.86795,7.26556,7.6024
2,-0.311779,-0.398518,-0.225041,0.0086449,0.378905,0.337767,0.420043,0.800108,7.60387,5.81266,5.40004,6.22528,7.60387
3,-1.06358,-1.35204,-0.775115,0.00876447,0.278847,0.209896,0.347799,0.800249,7.60393,5.86893,5.22484,6.51302,7.60393
